Ano 2020;;;
;;;
Matricula;Mês;Lançamento;Valor
3023;1;VT;135
3023;1;VR;26,7
3023;1;AM;182
3053;1;VT;135
3053;1;VR;26,7
3053;1;AM;182
3090;1;VR;26,7
3090;1;AM;182
3090;1;AO;94,6
3120;1;VT;135
3120;1;VR;26,7
3120;1;AM;182
3124;1;VT;270
3124;1;VR;26,7
3132;1;VT;270
3132;1;VR;26,7
3132;1;AM;182
3136;1;VR;26,7
3136;1;AM;182
3136;1;AO;94,6
3164;1;VT;135
3164;1;VR;26,7
3171;1;VT;270
3171;1;VR;26,7
3171;1;AM;182
3233;1;VT;135
3233;1;VR;26,7
3237;1;VT;270
3237;1;VR;26,7
3237;1;AM;182
3253;1;VT;270
3253;1;VR;26,7
3253;1;AM;182
3280;1;VT;270
3280;1;VR;26,7
3280;1;AM;182
3293;1;VT;135
3293;1;VR;26,7
3293;1;AM;182
3293;1;AO;94,6
3374;1;VR;26,7
3374;1;AM;182
3374;1;AO;94,6
3389;1;VT;270
3389;1;VR;26,7
3389;1;AM;182
3401;1;VR;26,7
3401;1;AM;182
3401;1;AO;94,6
3462;1;VT;135
3462;1;VR;26,7
3462;1;AM;182
3483;1;VT;270
3483;1;VR;26,7
3483;1;AM;182
3495;1;VT;135
3495;1;VR;26,7
3495;1;AM;182
3521;1;VT;135
3521;1;VR;26,7
3534;1;VT;135
3534;1;VR;26,7
3534;1;AM;182
3534;1;AO;94,6
3571;1;VT;270
3571;1;VR;26,7
3571;1;AM;182
3573;1;VT;270
3573;1;VR;26,7
3573;1;AM;182
3582;1;VT;135
3582;1;VR;26,7
3683;1;VR;26,7
3683;1;AM;182
3686;1;VT;135
3686;1;VR;26,7
3686;1;AM;182
3694;1;VT;270
3694;1;VR;26,7
3694;1;AM;182
3714;1;VT;135
3714;1;VR;26,7
3716;1;VT;135
3716;1;VR;26,7
3716;1;AM;182
3721;1;VT;270
3721;1;VR;26,7
3721;1;AM;182
3746;1;VT;135
3746;1;VR;26,7
3746;1;AM;182
3748;1;VT;270
3748;1;VR;26,7
3810;1;VT;270
3810;1;VR;26,7
3810;1;AM;182
3838;1;VT;135
3838;1;VR;26,7
3838;1;AM;182
3867;1;VT;135
3867;1;VR;26,7
3867;1;AM;182
3877;1;VT;270
3877;1;VR;26,7
3877;1;AM;182
3926;1;VT;135
3926;1;VR;26,7
3926;1;AM;182
3944;1;VT;135
3944;1;VR;26,7
3944;1;AM;182
3944;1;AO;94,6
3971;1;VT;135
3971;1;VR;26,7
3971;1;AM;182
4118;1;VT;270
4118;1;VR;26,7
4118;1;AM;182
4170;1;VT;135
4170;1;VR;26,7
4170;1;AM;182
4208;1;VT;270
4208;1;VR;26,7
4208;1;AM;182
4219;1;VT;270
4219;1;VR;26,7
4219;1;AM;182
4236;1;VT;135
4236;1;VR;26,7
4236;1;AM;182
4236;1;AO;94,6
4336;1;VR;26,7
4336;1;AM;182
4342;1;VR;26,7
4342;1;AM;182
4373;1;VT;135
4373;1;VR;26,7
4373;1;AM;182
4472;1;VT;270
4472;1;VR;26,7
4472;1;AM;182
4474;1;VT;135
4474;1;VR;26,7
4474;1;AM;182
4483;1;VT;270
4483;1;VR;26,7
4483;1;AM;182
4503;1;VT;135
4503;1;VR;26,7
4503;1;AM;182
4542;1;VT;135
4542;1;VR;26,7
4542;1;AM;182
4542;1;AO;94,6
4549;1;VT;270
4549;1;VR;26,7
4549;1;AM;182
4584;1;VT;135
4584;1;VR;26,7
4584;1;AM;182
4662;1;VT;270
4662;1;VR;26,7
4662;1;AM;182
4670;1;VT;135
4670;1;VR;26,7
4751;1;VT;270
4751;1;VR;26,7
4751;1;AM;182
4806;1;VT;135
4806;1;VR;26,7
4806;1;AM;182
4942;1;VT;135
4942;1;VR;26,7
4942;1;AM;182
4951;1;VT;270
4951;1;VR;26,7
4988;1;VR;26,7
4993;1;VT;135
4993;1;VR;26,7
4993;1;AM;182
4997;1;VT;135
4997;1;VR;26,7
4997;1;AM;182
5028;1;VT;135
5028;1;VR;26,7
5028;1;AM;182
5039;1;VT;270
5039;1;VR;26,7
5053;1;VT;270
5053;1;VR;26,7
5053;1;AM;182
5059;1;VT;135
5059;1;VR;26,7
5059;1;AM;182
5070;1;VT;270
5070;1;VR;26,7
3867;1;VT;135
3867;1;VR;26,7
3867;1;AM;182
4208;1;VT;270
4208;1;VR;26,7
4208;1;AM;182
3023;2;VT;135
3023;2;VR;26,7
3023;2;AM;182
3053;2;VT;135
3053;2;VR;26,7
3053;2;AM;182
3090;2;VR;26,7
3090;2;AM;182
3090;2;AO;94,6
3120;2;VT;135
3120;2;VR;26,7
3120;2;AM;182
3124;2;VT;270
3124;2;VR;26,7
3132;2;VT;270
3132;2;VR;26,7
3132;2;AM;182
3136;2;VR;26,7
3136;2;AM;182
3136;2;AO;94,6
3164;2;VT;135
3164;2;VR;26,7
3171;2;VT;270
3171;2;VR;26,7
3171;2;AM;182
3233;2;VT;135
3233;2;VR;26,7
3237;2;VT;270
3237;2;VR;26,7
3237;2;AM;182
3253;2;VT;270
3253;2;VR;26,7
3253;2;AM;182
3280;2;VT;270
3280;2;VR;26,7
3280;2;AM;182
3293;2;VT;135
3293;2;VR;26,7
3293;2;AM;182
3293;2;AO;94,6
3374;2;VR;26,7
3374;2;AM;182
3374;2;AO;94,6
3389;2;VT;270
3389;2;VR;26,7
3389;2;AM;182
3401;2;VR;26,7
3401;2;AM;182
3401;2;AO;94,6
3462;2;VT;135
3462;2;VR;26,7
3462;2;AM;182
3483;2;VT;270
3483;2;VR;26,7
3483;2;AM;182
3495;2;VT;135
3495;2;VR;26,7
3495;2;AM;182
3521;2;VT;135
3521;2;VR;26,7
3534;2;VT;135
3534;2;VR;26,7
3534;2;AM;182
3534;2;AO;94,6
3571;2;VT;270
3571;2;VR;26,7
3571;2;AM;182
3573;2;VT;270
3573;2;VR;26,7
3573;2;AM;182
3574;2;VT;135
3574;2;VR;26,7
3574;2;AM;182
3582;2;VT;135
3582;2;VR;26,7
3683;2;VR;26,7
3683;2;AM;182
3686;2;VT;135
3686;2;VR;26,7
3686;2;AM;182
3694;2;VT;270
3694;2;VR;26,7
3694;2;AM;182
3714;2;VT;135
3714;2;VR;26,7
3716;2;VT;135
3716;2;VR;26,7
3716;2;AM;182
3721;2;VT;270
3721;2;VR;26,7
3721;2;AM;182
3746;2;VT;135
3746;2;VR;26,7
3746;2;AM;182
3748;2;VT;270
3748;2;VR;26,7
3810;2;VT;270
3810;2;VR;26,7
3810;2;AM;182
3838;2;VT;135
3838;2;VR;26,7
3838;2;AM;182
3867;2;VT;135
3867;2;VR;26,7
3867;2;AM;182
3877;2;VT;270
3877;2;VR;26,7
3877;2;AM;182
3926;2;VT;135
3926;2;VR;26,7
3926;2;AM;182
3944;2;VT;135
3944;2;VR;26,7
3944;2;AM;182
3944;2;AO;94,6
3971;2;VT;135
3971;2;VR;26,7
3971;2;AM;182
4118;2;VT;270
4118;2;VR;26,7
4118;2;AM;182
4170;2;VT;135
4170;2;VR;26,7
4170;2;AM;182
4208;2;VT;270
4208;2;VR;26,7
4208;2;AM;182
4219;2;VT;270
4219;2;VR;26,7
4219;2;AM;182
4236;2;VT;135
4236;2;VR;26,7
4236;2;AM;182
4236;2;AO;94,6
4336;2;VR;26,7
4336;2;AM;182
4342;2;VR;26,7
4342;2;AM;182
4373;2;VT;135
4373;2;VR;26,7
4373;2;AM;182
4472;2;VT;270
4472;2;VR;26,7
4472;2;AM;182
4474;2;VT;135
4474;2;VR;26,7
4474;2;AM;182
4483;2;VT;270
4483;2;VR;26,7
4483;2;AM;182
4503;2;VT;135
4503;2;VR;26,7
4503;2;AM;182
4542;2;VT;135
4542;2;VR;26,7
4542;2;AM;182
4542;2;AO;94,6
4549;2;VT;270
4549;2;VR;26,7
4549;2;AM;182
4584;2;VT;135
4584;2;VR;26,7
4584;2;AM;182
4662;2;VT;270
4662;2;VR;26,7
4662;2;AM;182
4670;2;VT;135
4670;2;VR;26,7
4751;2;VT;270
4751;2;VR;26,7
4751;2;AM;182
4806;2;VT;135
4806;2;VR;26,7
4806;2;AM;182
4942;2;VT;135
4942;2;VR;26,7
4942;2;AM;182
4951;2;VT;270
4951;2;VR;26,7
4988;2;VR;26,7
4993;2;VT;135
4993;2;VR;26,7
4993;2;AM;182
4997;2;VT;135
4997;2;VR;26,7
4997;2;AM;182
5028;2;VT;135
5028;2;VR;26,7
5028;2;AM;182
5039;2;VT;270
5039;2;VR;26,7
5053;2;VT;270
5053;2;VR;26,7
5053;2;AM;182
5059;2;VT;135
5059;2;VR;26,7
5059;2;AM;182
5070;2;VT;270
5070;2;VR;26,7
3574;2;VT;135
3574;2;VR;26,7
3574;2;AM;182
3023;3;VT;135
3023;3;VR;26,7
3023;3;AM;182
3053;3;VT;135
3053;3;VR;26,7
3053;3;AM;182
3090;3;VR;26,7
3090;3;AM;182
3090;3;AO;94,6
3120;3;VT;135
3120;3;VR;26,7
3120;3;AM;182
3124;3;VT;270
3124;3;VR;26,7
3132;3;VT;270
3132;3;VR;26,7
3132;3;AM;182
3136;3;VR;26,7
3136;3;AM;182
3136;3;AO;94,6
3164;3;VT;135
3164;3;VR;26,7
3171;3;VT;270
3171;3;VR;26,7
3171;3;AM;182
3233;3;VT;135
3233;3;VR;26,7
3237;3;VT;270
3237;3;VR;26,7
3237;3;AM;182
3253;3;VT;270
3253;3;VR;26,7
3253;3;AM;182
3280;3;VT;270
3280;3;VR;26,7
3280;3;AM;182
3293;3;VT;135
3293;3;VR;26,7
3293;3;AM;182
3293;3;AO;94,6
3374;3;VR;26,7
3374;3;AM;182
3374;3;AO;94,6
3389;3;VT;270
3389;3;VR;26,7
3389;3;AM;182
3401;3;VR;26,7
3401;3;AM;182
3401;3;AO;94,6
3462;3;VT;135
3462;3;VR;26,7
3462;3;AM;182
3483;3;VT;270
3483;3;VR;26,7
3483;3;AM;182
3495;3;VT;135
3495;3;VR;26,7
3495;3;AM;182
3521;3;VT;135
3521;3;VR;26,7
3534;3;VT;135
3534;3;VR;26,7
3534;3;AM;182
3534;3;AO;94,6
3571;3;VT;270
3571;3;VR;26,7
3571;3;AM;182
3573;3;VT;270
3573;3;VR;26,7
3573;3;AM;182
3574;3;VT;135
3574;3;VR;26,7
3574;3;AM;182
3582;3;VT;135
3582;3;VR;26,7
3683;3;VR;26,7
3683;3;AM;182
3686;3;VT;135
3686;3;VR;26,7
3686;3;AM;182
3694;3;VT;270
3694;3;VR;26,7
3694;3;AM;182
3714;3;VT;135
3714;3;VR;26,7
3716;3;VT;135
3716;3;VR;26,7
3716;3;AM;182
3721;3;VT;270
3721;3;VR;26,7
3721;3;AM;182
3746;3;VT;135
3746;3;VR;26,7
3746;3;AM;182
3748;3;VT;270
3748;3;VR;26,7
3810;3;VT;270
3810;3;VR;26,7
3810;3;AM;182
3838;3;VT;135
3838;3;VR;26,7
3838;3;AM;182
3867;3;VT;135
3867;3;VR;26,7
3867;3;AM;182
3877;3;VT;270
3877;3;VR;26,7
3877;3;AM;182
3926;3;VT;135
3926;3;VR;26,7
3926;3;AM;182
3944;3;VT;135
3944;3;VR;26,7
3944;3;AM;182
3944;3;AO;94,6
3971;3;VT;135
3971;3;VR;26,7
3971;3;AM;182
4118;3;VT;270
4118;3;VR;26,7
4118;3;AM;182
4170;3;VT;135
4170;3;VR;26,7
4170;3;AM;182
4208;3;VT;270
4208;3;VR;26,7
4208;3;AM;182
4219;3;VT;270
4219;3;VR;26,7
4219;3;AM;182
4236;3;VT;135
4236;3;VR;26,7
4236;3;AM;182
4236;3;AO;94,6
4336;3;VR;26,7
4336;3;AM;182
4342;3;VR;26,7
4342;3;AM;182
4373;3;VT;135
4373;3;VR;26,7
4373;3;AM;182
4472;3;VT;270
4472;3;VR;26,7
4472;3;AM;182
4474;3;VT;135
4474;3;VR;26,7
4474;3;AM;182
4483;3;VT;270
4483;3;VR;26,7
4483;3;AM;182
4503;3;VT;135
4503;3;VR;26,7
4503;3;AM;182
4542;3;VT;135
4542;3;VR;26,7
4542;3;AM;182
4542;3;AO;94,6
4549;3;VT;270
4549;3;VR;26,7
4549;3;AM;182
4584;3;VT;135
4584;3;VR;26,7
4584;3;AM;182
4662;3;VT;270
4662;3;VR;26,7
4662;3;AM;182
4670;3;VT;135
4670;3;VR;26,7
4751;3;VT;270
4751;3;VR;26,7
4751;3;AM;182
4806;3;VT;135
4806;3;VR;26,7
4806;3;AM;182
4942;3;VT;135
4942;3;VR;26,7
4942;3;AM;182
4951;3;VT;270
4951;3;VR;26,7
4988;3;VR;26,7
4993;3;VT;135
4993;3;VR;26,7
4993;3;AM;182
4997;3;VT;135
4997;3;VR;26,7
4997;3;AM;182
5028;3;VT;135
5028;3;VR;26,7
5028;3;AM;182
5039;3;VT;270
5039;3;VR;26,7
5053;3;VT;270
5053;3;VR;26,7
5053;3;AM;182
5059;3;VT;135
5059;3;VR;26,7
5059;3;AM;182
5070;3;VT;270
5070;3;VR;26,7
3023;4;VT;135
3023;4;VR;26,7
3023;4;AM;182
3053;4;VT;135
3053;4;VR;26,7
3053;4;AM;182
3090;4;VR;26,7
3090;4;AM;182
3090;4;AO;94,6
3120;4;VT;135
3120;4;VR;26,7
3120;4;AM;182
3124;4;VT;270
3124;4;VR;26,7
3132;4;VT;270
3132;4;VR;26,7
3132;4;AM;182
3136;4;VR;26,7
3136;4;AM;182
3136;4;AO;94,6
3164;4;VT;135
3164;4;VR;26,7
3171;4;VT;270
3171;4;VR;26,7
3171;4;AM;182
3233;4;VT;135
3233;4;VR;26,7
3237;4;VT;270
3237;4;VR;26,7
3237;4;AM;182
3253;4;VT;270
3253;4;VR;26,7
3253;4;AM;182
3280;4;VT;270
3280;4;VR;26,7
3280;4;AM;182
3293;4;VT;135
3293;4;VR;26,7
3293;4;AM;182
3293;4;AO;94,6
3374;4;VR;26,7
3374;4;AM;182
3374;4;AO;94,6
3389;4;VT;270
3389;4;VR;26,7
3389;4;AM;182
3401;4;VR;26,7
3401;4;AM;182
3401;4;AO;94,6
3462;4;VT;135
3462;4;VR;26,7
3462;4;AM;182
3483;4;VT;270
3483;4;VR;26,7
3483;4;AM;182
3495;4;VT;135
3495;4;VR;26,7
3495;4;AM;182
3521;4;VT;135
3521;4;VR;26,7
3534;4;VT;135
3534;4;VR;26,7
3534;4;AM;182
3534;4;AO;94,6
3571;4;VT;270
3571;4;VR;26,7
3571;4;AM;182
3573;4;VT;270
3573;4;VR;26,7
3573;4;AM;182
3574;4;VT;135
3574;4;VR;26,7
3574;4;AM;182
3582;4;VT;135
3582;4;VR;26,7
3683;4;VR;26,7
3683;4;AM;182
3686;4;VT;135
3686;4;VR;26,7
3686;4;AM;182
3694;4;VT;270
3694;4;VR;26,7
3694;4;AM;182
3714;4;VT;135
3714;4;VR;26,7
3716;4;VT;135
3716;4;VR;26,7
3716;4;AM;182
3721;4;VT;270
3721;4;VR;26,7
3721;4;AM;182
3746;4;VT;135
3746;4;VR;26,7
3746;4;AM;182
3748;4;VT;270
3748;4;VR;26,7
3810;4;VT;270
3810;4;VR;26,7
3810;4;AM;182
3838;4;VT;135
3838;4;VR;26,7
3838;4;AM;182
3867;4;VT;135
3867;4;VR;26,7
3867;4;AM;182
3877;4;VT;270
3877;4;VR;26,7
3877;4;AM;182
3926;4;VT;135
3926;4;VR;26,7
3926;4;AM;182
3944;4;VT;135
3944;4;VR;26,7
3944;4;AM;182
3944;4;AO;94,6
3971;4;VT;135
3971;4;VR;26,7
3971;4;AM;182
4118;4;VT;270
4118;4;VR;26,7
4118;4;AM;182
4170;4;VT;135
4170;4;VR;26,7
4170;4;AM;182
4208;4;VT;270
4208;4;VR;26,7
4208;4;AM;182
4219;4;VT;270
4219;4;VR;26,7
4219;4;AM;182
4236;4;VT;135
4236;4;VR;26,7
4236;4;AM;182
4236;4;AO;94,6
4336;4;VR;26,7
4336;4;AM;182
4342;4;VR;26,7
4342;4;AM;182
4373;4;VT;135
4373;4;VR;26,7
4373;4;AM;182
4472;4;VT;270
4472;4;VR;26,7
4472;4;AM;182
4474;4;VT;135
4474;4;VR;26,7
4474;4;AM;182
4483;4;VT;270
4483;4;VR;26,7
4483;4;AM;182
4503;4;VT;135
4503;4;VR;26,7
4503;4;AM;182
4542;4;VT;135
4542;4;VR;26,7
4542;4;AM;182
4542;4;AO;94,6
4549;4;VT;270
4549;4;VR;26,7
4549;4;AM;182
4584;4;VT;135
4584;4;VR;26,7
4584;4;AM;182
4640;4;VT;135
4640;4;VR;26,7
4640;4;AM;182
4662;4;VT;270
4662;4;VR;26,7
4662;4;AM;182
4670;4;VT;135
4670;4;VR;26,7
4751;4;VT;270
4751;4;VR;26,7
4751;4;AM;182
4806;4;VT;135
4806;4;VR;26,7
4806;4;AM;182
4942;4;VT;135
4942;4;VR;26,7
4942;4;AM;182
4951;4;VT;270
4951;4;VR;26,7
4988;4;VR;26,7
4993;4;VT;135
4993;4;VR;26,7
4993;4;AM;182
4997;4;VT;135
4997;4;VR;26,7
4997;4;AM;182
5028;4;VT;135
5028;4;VR;26,7
5028;4;AM;182
5039;4;VT;270
5039;4;VR;26,7
5053;4;VT;270
5053;4;VR;26,7
5053;4;AM;182
5059;4;VT;135
5059;4;VR;26,7
5059;4;AM;182
5070;4;VT;270
5070;4;VR;26,7
4640;4;VT;135
4640;4;VR;26,7
4640;4;AM;182
3023;5;VT;135
3023;5;VR;26,7
3023;5;AM;182
3053;5;VT;135
3053;5;VR;26,7
3053;5;AM;182
3090;5;VR;26,7
3090;5;AM;182
3090;5;AO;94,6
3120;5;VT;135
3120;5;VR;26,7
3120;5;AM;182
3124;5;VT;270
3124;5;VR;26,7
3132;5;VT;270
3132;5;VR;26,7
3132;5;AM;182
3136;5;VR;26,7
3136;5;AM;182
3136;5;AO;94,6
3164;5;VT;135
3164;5;VR;26,7
3171;5;VT;270
3171;5;VR;26,7
3171;5;AM;182
3233;5;VT;135
3233;5;VR;26,7
3237;5;VT;270
3237;5;VR;26,7
3237;5;AM;182
3253;5;VT;270
3253;5;VR;26,7
3253;5;AM;182
3280;5;VT;270
3280;5;VR;26,7
3280;5;AM;182
3293;5;VT;135
3293;5;VR;26,7
3293;5;AM;182
3293;5;AO;94,6
3374;5;VR;26,7
3374;5;AM;182
3374;5;AO;94,6
3389;5;VT;270
3389;5;VR;26,7
3389;5;AM;182
3401;5;VR;26,7
3401;5;AM;182
3401;5;AO;94,6
3462;5;VT;135
3462;5;VR;26,7
3462;5;AM;182
3483;5;VT;270
3483;5;VR;26,7
3483;5;AM;182
3495;5;VT;135
3495;5;VR;26,7
3495;5;AM;182
3521;5;VT;135
3521;5;VR;26,7
3534;5;VT;135
3534;5;VR;26,7
3534;5;AM;182
3534;5;AO;94,6
3571;5;VT;270
3571;5;VR;26,7
3571;5;AM;182
3573;5;VT;270
3573;5;VR;26,7
3573;5;AM;182
3574;5;VT;135
3574;5;VR;26,7
3574;5;AM;182
3582;5;VT;135
3582;5;VR;26,7
3683;5;VR;26,7
3683;5;AM;182
3686;5;VT;135
3686;5;VR;26,7
3686;5;AM;182
3694;5;VT;270
3694;5;VR;26,7
3694;5;AM;182
3714;5;VT;135
3714;5;VR;26,7
3716;5;VT;135
3716;5;VR;26,7
3716;5;AM;182
3721;5;VT;270
3721;5;VR;26,7
3721;5;AM;182
3746;5;VT;135
3746;5;VR;26,7
3746;5;AM;182
3748;5;VT;270
3748;5;VR;26,7
3810;5;VT;270
3810;5;VR;26,7
3810;5;AM;182
3838;5;VT;135
3838;5;VR;26,7
3838;5;AM;182
3867;5;VT;135
3867;5;VR;26,7
3867;5;AM;182
3877;5;VT;270
3877;5;VR;26,7
3877;5;AM;182
3926;5;VT;135
3926;5;VR;26,7
3926;5;AM;182
3944;5;VT;135
3944;5;VR;26,7
3944;5;AM;182
3944;5;AO;94,6
3971;5;VT;135
3971;5;VR;26,7
3971;5;AM;182
4118;5;VT;270
4118;5;VR;26,7
4118;5;AM;182
4170;5;VT;135
4170;5;VR;26,7
4170;5;AM;182
4208;5;VT;270
4208;5;VR;26,7
4208;5;AM;182
4219;5;VT;270
4219;5;VR;26,7
4219;5;AM;182
4236;5;VT;135
4236;5;VR;26,7
4236;5;AM;182
4236;5;AO;94,6
4336;5;VR;26,7
4336;5;AM;182
4342;5;VR;26,7
4342;5;AM;182
4373;5;VT;135
4373;5;VR;26,7
4373;5;AM;182
4472;5;VT;270
4472;5;VR;26,7
4472;5;AM;182
4474;5;VT;135
4474;5;VR;26,7
4474;5;AM;182
4483;5;VT;270
4483;5;VR;26,7
4483;5;AM;182
4503;5;VT;135
4503;5;VR;26,7
4503;5;AM;182
4542;5;VT;135
4542;5;VR;26,7
4542;5;AM;182
4542;5;AO;94,6
4549;5;VT;270
4549;5;VR;26,7
4549;5;AM;182
4584;5;VT;135
4584;5;VR;26,7
4584;5;AM;182
4640;5;VT;135
4640;5;VR;26,7
4640;5;AM;182
4662;5;VT;270
4662;5;VR;26,7
4662;5;AM;182
4670;5;VT;135
4670;5;VR;26,7
4751;5;VT;270
4751;5;VR;26,7
4751;5;AM;182
4806;5;VT;135
4806;5;VR;26,7
4806;5;AM;182
4942;5;VT;135
4942;5;VR;26,7
4942;5;AM;182
4951;5;VT;270
4951;5;VR;26,7
4988;5;VR;26,7
4993;5;VT;135
4993;5;VR;26,7
4993;5;AM;182
4997;5;VT;135
4997;5;VR;26,7
4997;5;AM;182
5028;5;VT;135
5028;5;VR;26,7
5028;5;AM;182
5039;5;VT;270
5039;5;VR;26,7
5053;5;VT;270
5053;5;VR;26,7
5053;5;AM;182
5059;5;VT;135
5059;5;VR;26,7
5059;5;AM;182
5070;5;VT;270
5070;5;VR;26,7
3023;6;VT;135
3023;6;VR;26,7
3023;6;AM;182
3053;6;VT;135
3053;6;VR;26,7
3053;6;AM;182
3090;6;VR;26,7
3090;6;AM;182
3090;6;AO;94,6
3120;6;VT;135
3120;6;VR;26,7
3120;6;AM;182
3124;6;VT;270
3124;6;VR;26,7
3132;6;VT;270
3132;6;VR;26,7
3132;6;AM;182
3136;6;VR;26,7
3136;6;AM;182
3136;6;AO;94,6
3164;6;VT;135
3164;6;VR;26,7
3171;6;VT;270
3171;6;VR;26,7
3171;6;AM;182
3233;6;VT;135
3233;6;VR;26,7
3237;6;VT;270
3237;6;VR;26,7
3237;6;AM;182
3253;6;VT;270
3253;6;VR;26,7
3253;6;AM;182
3280;6;VT;270
3280;6;VR;26,7
3280;6;AM;182
3293;6;VT;135
3293;6;VR;26,7
3293;6;AM;182
3293;6;AO;94,6
3374;6;VR;26,7
3374;6;AM;182
3374;6;AO;94,6
3389;6;VT;270
3389;6;VR;26,7
3389;6;AM;182
3401;6;VR;26,7
3401;6;AM;182
3401;6;AO;94,6
3462;6;VT;135
3462;6;VR;26,7
3462;6;AM;182
3483;6;VT;270
3483;6;VR;26,7
3483;6;AM;182
3495;6;VT;135
3495;6;VR;26,7
3495;6;AM;182
3521;6;VT;135
3521;6;VR;26,7
3534;6;VT;135
3534;6;VR;26,7
3534;6;AM;182
3534;6;AO;94,6
3571;6;VT;270
3571;6;VR;26,7
3571;6;AM;182
3573;6;VT;270
3573;6;VR;26,7
3573;6;AM;182
3574;6;VT;135
3574;6;VR;26,7
3574;6;AM;182
3582;6;VT;135
3582;6;VR;26,7
3683;6;VR;26,7
3683;6;AM;182
3686;6;VT;135
3686;6;VR;26,7
3686;6;AM;182
3694;6;VT;270
3694;6;VR;26,7
3694;6;AM;182
3714;6;VT;135
3714;6;VR;26,7
3716;6;VT;135
3716;6;VR;26,7
3716;6;AM;182
3721;6;VT;270
3721;6;VR;26,7
3721;6;AM;182
3746;6;VT;135
3746;6;VR;26,7
3746;6;AM;182
3748;6;VT;270
3748;6;VR;26,7
3810;6;VT;270
3810;6;VR;26,7
3810;6;AM;182
3838;6;VT;135
3838;6;VR;26,7
3838;6;AM;182
3867;6;VT;135
3867;6;VR;26,7
3867;6;AM;182
3877;6;VT;270
3877;6;VR;26,7
3877;6;AM;182
3926;6;VT;135
3926;6;VR;26,7
3926;6;AM;182
3944;6;VT;135
3944;6;VR;26,7
3944;6;AM;182
3944;6;AO;94,6
3971;6;VT;135
3971;6;VR;26,7
3971;6;AM;182
4118;6;VT;270
4118;6;VR;26,7
4118;6;AM;182
4170;6;VT;135
4170;6;VR;26,7
4170;6;AM;182
4208;6;VT;270
4208;6;VR;26,7
4208;6;AM;182
4219;6;VT;270
4219;6;VR;26,7
4219;6;AM;182
4236;6;VT;135
4236;6;VR;26,7
4236;6;AM;182
4236;6;AO;94,6
4336;6;VR;26,7
4336;6;AM;182
4342;6;VR;26,7
4342;6;AM;182
4373;6;VT;135
4373;6;VR;26,7
4373;6;AM;182
4472;6;VT;270
4472;6;VR;26,7
4472;6;AM;182
4474;6;VT;135
4474;6;VR;26,7
4474;6;AM;182
4483;6;VT;270
4483;6;VR;26,7
4483;6;AM;182
4503;6;VT;135
4503;6;VR;26,7
4503;6;AM;182
4542;6;VT;135
4542;6;VR;26,7
4542;6;AM;182
4542;6;AO;94,6
4549;6;VT;270
4549;6;VR;26,7
4549;6;AM;182
4584;6;VT;135
4584;6;VR;26,7
4584;6;AM;182
4640;6;VT;135
4640;6;VR;26,7
4640;6;AM;182
4662;6;VT;270
4662;6;VR;26,7
4662;6;AM;182
4670;6;VT;135
4670;6;VR;26,7
4751;6;VT;270
4751;6;VR;26,7
4751;6;AM;182
4806;6;VT;135
4806;6;VR;26,7
4806;6;AM;182
4942;6;VT;135
4942;6;VR;26,7
4942;6;AM;182
4951;6;VT;270
4951;6;VR;26,7
4988;6;VR;26,7
4993;6;VT;135
4993;6;VR;26,7
4993;6;AM;182
4997;6;VT;135
4997;6;VR;26,7
4997;6;AM;182
5028;6;VT;135
5028;6;VR;26,7
5028;6;AM;182
5039;6;VT;270
5039;6;VR;26,7
5053;6;VT;270
5053;6;VR;26,7
5053;6;AM;182
5059;6;VT;135
5059;6;VR;26,7
5059;6;AM;182
5070;6;VT;270
5070;6;VR;26,7
3023;7;VT;135
3023;7;VR;26,7
3023;7;AM;182
3053;7;VT;135
3053;7;VR;26,7
3053;7;AM;182
3090;7;VR;26,7
3090;7;AM;182
3090;7;AO;94,6
3120;7;VT;135
3120;7;VR;26,7
3120;7;AM;182
3124;7;VT;270
3124;7;VR;26,7
3132;7;VT;270
3132;7;VR;26,7
3132;7;AM;182
3136;7;VR;26,7
3136;7;AM;182
3136;7;AO;94,6
3164;7;VT;135
3164;7;VR;26,7
3171;7;VT;270
3171;7;VR;26,7
3171;7;AM;182
3233;7;VT;135
3233;7;VR;26,7
3237;7;VT;270
3237;7;VR;26,7
3237;7;AM;182
3253;7;VT;270
3253;7;VR;26,7
3253;7;AM;182
3280;7;VT;270
3280;7;VR;26,7
3280;7;AM;182
3293;7;VT;135
3293;7;VR;26,7
3293;7;AM;182
3293;7;AO;94,6
3374;7;VR;26,7
3374;7;AM;182
3374;7;AO;94,6
3389;7;VT;270
3389;7;VR;26,7
3389;7;AM;182
3401;7;VR;26,7
3401;7;AM;182
3401;7;AO;94,6
3462;7;VT;135
3462;7;VR;26,7
3462;7;AM;182
3483;7;VT;270
3483;7;VR;26,7
3483;7;AM;182
3495;7;VT;135
3495;7;VR;26,7
3495;7;AM;182
3521;7;VT;135
3521;7;VR;26,7
3534;7;VT;135
3534;7;VR;26,7
3534;7;AM;182
3534;7;AO;94,6
3571;7;VT;270
3571;7;VR;26,7
3571;7;AM;182
3573;7;VT;270
3573;7;VR;26,7
3573;7;AM;182
3574;7;VT;135
3574;7;VR;26,7
3574;7;AM;182
3582;7;VT;135
3582;7;VR;26,7
3683;7;VR;26,7
3683;7;AM;182
3686;7;VT;135
3686;7;VR;26,7
3686;7;AM;182
3694;7;VT;270
3694;7;VR;26,7
3694;7;AM;182
3714;7;VT;135
3714;7;VR;26,7
3716;7;VT;135
3716;7;VR;26,7
3716;7;AM;182
3721;7;VT;270
3721;7;VR;26,7
3721;7;AM;182
3746;7;VT;135
3746;7;VR;26,7
3746;7;AM;182
3748;7;VT;270
3748;7;VR;26,7
3810;7;VT;270
3810;7;VR;26,7
3810;7;AM;182
3838;7;VT;135
3838;7;VR;26,7
3838;7;AM;182
3867;7;VT;135
3867;7;VR;26,7
3867;7;AM;182
3877;7;VT;270
3877;7;VR;26,7
3877;7;AM;182
3926;7;VT;135
3926;7;VR;26,7
3926;7;AM;182
3944;7;VT;135
3944;7;VR;26,7
3944;7;AM;182
3944;7;AO;94,6
3971;7;VT;135
3971;7;VR;26,7
3971;7;AM;182
4118;7;VT;270
4118;7;VR;26,7
4118;7;AM;182
4170;7;VT;135
4170;7;VR;26,7
4170;7;AM;182
4208;7;VT;270
4208;7;VR;26,7
4208;7;AM;182
4219;7;VT;270
4219;7;VR;26,7
4219;7;AM;182
4236;7;VT;135
4236;7;VR;26,7
4236;7;AM;182
4236;7;AO;94,6
4336;7;VR;26,7
4336;7;AM;182
4342;7;VR;26,7
4342;7;AM;182
4373;7;VT;135
4373;7;VR;26,7
4373;7;AM;182
4472;7;VT;270
4472;7;VR;26,7
4472;7;AM;182
4474;7;VT;135
4474;7;VR;26,7
4474;7;AM;182
4483;7;VT;270
4483;7;VR;26,7
4483;7;AM;182
4503;7;VT;135
4503;7;VR;26,7
4503;7;AM;182
4542;7;VT;135
4542;7;VR;26,7
4542;7;AM;182
4542;7;AO;94,6
4549;7;VT;270
4549;7;VR;26,7
4549;7;AM;182
4584;7;VT;135
4584;7;VR;26,7
4584;7;AM;182
4640;7;VT;135
4640;7;VR;26,7
4640;7;AM;182
4662;7;VT;270
4662;7;VR;26,7
4662;7;AM;182
4670;7;VT;135
4670;7;VR;26,7
4751;7;VT;270
4751;7;VR;26,7
4751;7;AM;182
4806;7;VT;135
4806;7;VR;26,7
4806;7;AM;182
4942;7;VT;135
4942;7;VR;26,7
4942;7;AM;182
4951;7;VT;270
4951;7;VR;26,7
4988;7;VR;26,7
4993;7;VT;135
4993;7;VR;26,7
4993;7;AM;182
4997;7;VT;135
4997;7;VR;26,7
4997;7;AM;182
5028;7;VT;135
5028;7;VR;26,7
5028;7;AM;182
5039;7;VT;270
5039;7;VR;26,7
5053;7;VT;270
5053;7;VR;26,7
5053;7;AM;182
5059;7;VT;135
5059;7;VR;26,7
5059;7;AM;182
5070;7;VT;270
5070;7;VR;26,7
